"License Number","License Type","Name of Program","AddressLine1","AddressLine2","AddressLine3","City","State","Zip","County","Phone","License Status","License Holder","Capacity","Type Of License","Restrictions","Services","Licensing Authority","Initial Effective Date","Current Effective Date","Expiration Date","License Holder Lives Onsite","EmailAddress",
"1080082","Child Care Center","2nd Home Childcare LLC","2600 26th Ave S Ste 300","","","Minneapolis","MN","55406-4504","Hennepin","(612) 814-1531","Active","2nd Home Childcare LLC","104","Ages Served: Infants Toddlers Preschool School-Age","Maximum number of preschool in the School Age 1 classrooms is 14.; Maximum number of preschool in the School Age 2 classrooms is 17.; Maximum number of preschool in the School Age 3 classrooms is 29.; Maximum number of preschool in the School Age 4 classr","Services: Day Program","Minnesota Department of Human Services","05/25/2016","12/01/2025","12/31/2026","   ","",
"1104562","Home and Community Based Services","A-Z Access Health Care Inc","2700 E LAKE ST STE 201","","","Minneapolis","MN","55406-1963","Hennepin","(612) 447-7835","Active","A-Z Access Health Care Inc","   ","Basic Support Services: 24-hour emergency assistance; Adult companion services; Homemaker; Night supervision; Respite care, in home or out-of-home; Individual community living support; Individualized home supports  In-Home Support Services: Individualized home supports with training; Individualized home supports with family training    ","None","","Minnesota Department of Human Services","07/13/2020","01/01/2026","12/31/2026","   ","",
"1112686","Home and Community Based Services","AAC Homecare LLC","2525 E FRANKLIN AVE STE 220","","","Minneapolis","MN","55406-1357","Hennepin","(613) 735-9812","Active","AAC Homecare LLC","   ","Basic Support Services: 24-hour emergency assistance; Homemaker; Night supervision; Respite care, in home or out-of-home; Individual community living support; Individualized home supports  In-Home Support Services: Individualized home supports; Individualized home supports with training; Individualized home supports with family training    ","None","","Minnesota Department of Human Services","01/24/2023","01/01/2026","12/31/2026","   ","",
"1104560","Home and Community Based Services","AarkosMED Homecare LLC","2525 E FRANKLIN AVE STE 220","","","Minneapolis","MN","55406-1357","Hennepin","(612) 404-6664","Active","AarkosMED Homecare LLC","   ","Basic Support Services: 24-hour emergency assistance; Adult companion services; Homemaker; Night supervision; Respite care, in home or out-of-home; Individual community living support; Individualized home supports  Intervention Support Services: Crisis respite, in-home or out-of-home  In-Home Support Services: Individualized home supports; Individualized home supports with training; Individualized home supports with family training  Employment Services: Employment development services; Employment exploration services; Employment support services    ","None","","Minnesota Department of Human Services","04/28/2020","01/01/2026","12/31/2026","   ","",
"1106148","Home and Community Based Services","AARON CARE INC","4020 MINNEHAHA AVE STE 1065","","","Minneapolis","MN","55406-4600","Hennepin","(612) 298-7478","Active","AARON CARE INC","   ","Basic Support Services: 24-hour emergency assistance; Adult companion services; Homemaker; Night supervision; Respite care, in home or out-of-home; Individual community living support; Individualized home supports  In-Home Support Services: Semi-independent living skills ; Individualized home supports; Individualized home supports with training; Individualized home supports with family training  Day Services: Day support services  Integrated Community Supports : Integrated Community Supports    ","None","","Minnesota Department of Human Services","10/26/2020","01/01/2026","12/31/2026","   ","",
"1095850","Child Care Center","ABC Learning Center Inc","2533 24th Ave S","","","Minneapolis","MN","55406     ","Hennepin","(612) 432-2452","Active","ABC Learning Center Inc","40 ","Ages Served: Infants Toddlers Preschool School-Age","None","Services: Day Program","Minnesota Department of Human Services","05/01/2019","01/01/2026","12/31/2026","   ","",
"1101636","Home and Community Based Services","ACMA HOMECARE INC","2625 E FRANKLIN AVE # 5","","","Minneapolis","MN","55406-1185","Hennepin","(612) 229-1119","Active","ACMA Homecare, Inc","   ","Basic Support Services: 24-hour emergency assistance; Adult companion services; Homemaker; Night supervision; Respite care, in home or out-of-home; Individual community living support; Individualized home supports  In-Home Support Services: Semi-independent living skills ; Individualized home supports; Individualized home supports with training; Individualized home supports with family training    ","None","","Minnesota Department of Human Services","09/18/2019","01/01/2026","12/31/2026","   ","",
"1112094","Home and Community Based Services","AIMCARE LLC","2327 E FRANKLIN AVE STE 3","","","Minneapolis","MN","55406-4420","Hennepin","(952) 465-2211","Active","AIMCARE LLC","   ","Basic Support Services: 24-hour emergency assistance; Adult companion services; Homemaker; Night supervision; Respite care, in home or out-of-home; Individual community living support; Individualized home supports  In-Home Support Services: Semi-independent living skills ; Individualized home supports; Individualized home supports with training; Individualized home supports with family training    ","None","","Minnesota Department of Human Services","10/19/2022","01/01/2026","12/31/2026","   ","info@aimcarellc.com",
"101938","Family Child Care","Anderson Carol A ","4316 40TH AVE S","","","Minneapolis","MN","55406-4002","Hennepin","(612) 245-0342","Active","Carol  Anderson","12 ","Residential Dwelling","No transporting of children under age eight.    ","Family Child Care","Hennepin County Human Services & Public Health Dept","01/01/1991","08/01/2024","07/31/2026","Yes","",
"1123961","Adult Day Care Services","Apex Adult Day Center Inc","3809 42ND AVE S","","","Minneapolis","MN","55406-3503","Hennepin","(210) 204-0342","Active","Apex Adult Day Center Inc","45 ","Age: 55 and older","None","Adult Day Care Services","Minnesota Department of Human Services","11/06/2025","01/01/2026","12/31/2026","   ","",
"1102372","Home and Community Based Services","Best Choice Home Care Inc","4020 MINNEHAHA AVE # 2005","","","Minneapolis","MN","55406-4529","Hennepin","(612) 483-9052","Active","Best Choice Home Care Inc","   ","Basic Support Services: Adult companion services; Homemaker; Night supervision; Respite care, in home or out-of-home; Individualized home supports  In-Home Support Services: Individualized home supports with training  Integrated Community Supports : Integrated Community Supports    ","None","","Minnesota Department of Human Services","01/01/2020","01/01/2026","12/31/2026","   ","info@bchcmn.com",
"800194","Child Care Center","Bethlehem Child Care Center","3141 43rd Ave S","","","Minneapolis","MN","55406-2248","Hennepin","(612) 721-2290","Active","The Bethlehem Evangelical Covenant Church, of Minneapolis, Minnesota","86 ","Ages Served: Preschool School-Age","Maximum number of Preschool is 59","Services: Day Program","Minnesota Department of Human Services","10/27/1982","01/01/2026","12/31/2026","   ","",
"1112890","Home and Community Based Services","Better Hand Community & Health Services LLC","2627 E FRANKLIN AVE STE 201","","","Minneapolis","MN","55406-1168","Hennepin","(612) 987-1297","Active","Better Hand Community and Health Services LLC","   ","Basic Support Services: 24-hour emergency assistance; Adult companion services; Homemaker; Night supervision; Respite care, in home or out-of-home; Individual community living support; Individualized home supports  Intervention Support Services: Crisis respite, in-home or out-of-home  In-Home Support Services: Semi-independent living skills ; Individualized home supports; Individualized home supports with training; Individualized home supports with family training  Employment Services: Employment development services; Employment exploration services; Employment support services  Integrated Community Supports : Integrated Community Supports    ","None","","Minnesota Department of Human Services","01/24/2023","01/01/2026","12/31/2026","   ","betterhand.llc@gmail.com",
"1111449","Home and Community Based Services","Bluemoon Comfort","3438 SNELLING AVE STE 2","","","Minneapolis","MN","55406-2638","Hennepin","(612) 644-9136","Active","BLUEMOON COMFORT","   ","Basic Support Services: 24-hour emergency assistance; Adult companion services; Homemaker; Night supervision; Respite care, in home or out-of-home; Individual community living support; Individualized home supports  In-Home Support Services: Individualized home supports with training; Individualized home supports with family training  Employment Services: Employment development services; Employment exploration services; Employment support services  Integrated Community Supports : Integrated Community Supports    ","None","","Minnesota Department of Human Services","09/01/2022","08/28/2025","12/31/2025","   ","admin@bluemooncomfortmn.com",
"1115486","Home and Community Based Services","BRIGHT HOME CARE LLC","2940 36TH AVE S","","","Minneapolis","MN","55406-1716","Hennepin","(612) 423-0012","Active","BRIGHT HOME CARE LLC","   ","Basic Support Services: 24-hour emergency assistance; Adult companion services; Homemaker; Night supervision; Respite care, in home or out-of-home; Individual community living support; Individualized home supports  In-Home Support Services: Semi-independent living skills ; Individualized home supports; Individualized home supports with training; Individualized home supports with family training  Employment Services: Employment development services; Employment exploration services; Employment support services    ","None","","Minnesota Department of Human Services","10/02/2025","01/01/2026","12/31/2026","   ","",
"801996","Child Care Center","Bright Prospects Cooperative Preschool","2730 E 31st St","","","Minneapolis","MN","55406-1923","Hennepin","(612) 470-4183","Active","Bright Prospects Cooperative Preschool","15 ","Ages Served: Preschool","None","Services: Day Program","Minnesota Department of Human Services","01/01/1999","01/01/2026","12/31/2026","   ","",
"1111869","Child Care Center","Bright Side Daycare LLC","3424 E Lake St","","","Minneapolis","MN","55406-2150","Hennepin","(612) 306-7304","Active","Bright Side Daycare LLC","91 ","Ages Served: Infants Toddlers Preschool School-Age","None","Services: Day Program","Minnesota Department of Human Services","03/30/2022","01/01/2026","12/31/2026","   ","",
"1115337","Home and Community Based Services","Brighter Days Homecare LLC","3712 E LAKE ST APT 3","","","Minneapolis","MN","55406-2158","Hennepin","(701) 215-8582","Active","Brighter Days Homecare LLC","   ","Basic Support Services: Adult companion services; Homemaker; Night supervision; Individual community living support  In-Home Support Services: Semi-independent living skills ; Individualized home supports    ","None","","Minnesota Department of Human Services","05/23/2025","01/01/2026","12/31/2026","   ","",
"1103980","Home and Community Based Services","CAREPRO HOME HEALTH CARE, LLC","4020 MINNEHAHA AVE # 2090","","","Minneapolis","MN","55406-4529","Hennepin","(612) 607-4951","Active","Carepro Home Health Care, LLC","   ","Basic Support Services: 24-hour emergency assistance; Adult companion services; Homemaker; Night supervision; Respite care, in home or out-of-home; Individual community living support; Individualized home supports  In-Home Support Services: Individualized home supports; Individualized home supports with training; Individualized home supports with family training    ","None","","Minnesota Department of Human Services","03/19/2020","01/01/2026","12/31/2026","   ","careprohhs@gmail.com",
"1096237","Home and Community Based Services","Carespot Solutions LLC","2525 E FRANKLIN AVE # 280","","","Minneapolis","MN","55406-1084","Hennepin","(612) 345-7360","Active","Carespot Solutions LLC","   ","Basic Support Services: 24-hour emergency assistance; Adult companion services; Homemaker; Night supervision; Respite care, in home or out-of-home; Individualized home supports  In-Home Support Services: Individualized home supports with training; Individualized home supports with family training    ","None","","Minnesota Department of Human Services","10/25/2018","01/01/2026","12/31/2026","   ","adayib@carespotsolution.com",
"1045891","Mental Health Clinic","CLUES (Comunidades Latinas Unidas En Servicio)","2600 E 25TH ST STE B","","","Minneapolis","MN","55406-1227","Hennepin","(612) 746-3500","Active","CLUES","   ","Satellite Location(s): CLUES, 797 E 7th St, Saint Paul, MN  55106","","Mental Health Clinic","Minnesota Department of Human Services","06/08/2007","01/01/2026","12/31/2026","   ","",
"805877","Substance Use Disorder Treatment","Comunidades Latinas Unidas En Services (CLUES)","2600 E 25TH ST STE B","","","Minneapolis","MN","55406-1227","Hennepin","(612) 746-3500","Active","CLUES","   "," Non-Residential Treatment - ages 13 and older; Gender: Either; Satellite Location(s):","None","Specializing in: the Treatment of Adolescents; the Treatment of Persons with a Substance Use and Mental Health Disorder; Approved Rate Enhancements: Culturally Specific/Culturally Responsive; Co-occurring Disorders; ","Minnesota Department of Human Services","04/12/1993","01/01/2026","12/31/2026","   ","",
"1098517","Adult Foster Care","Dawano Lansa B","2634 E 35TH ST","","","Minneapolis","MN","55406-2513","Hennepin","(612) 875-1577","Active","Lansa B Dawano","2  ","Age: 18 years of age and older, Gender: Either","None","Adult Foster Care","Hennepin County Human Services & Public Health Dept","06/12/2019","06/01/2024","05/31/2026","Yes","",
"1076404","Home and Community Based Services","Daystar Home Health Care","3446 SNELLING AVE","","","Minneapolis","MN","55406-2638","Hennepin","(651) 447-1886","Active","DAYSTAR HOME HEALTH CARE","   ","Basic Support Services: Adult companion services; Homemaker; Night supervision; Respite care, in home or out-of-home; Individual community living support; Individualized home supports  Intervention Support Services: Crisis respite, in-home or out-of-home  In-Home Support Services: Individualized home supports; Individualized home supports with training; Individualized home supports with family training    ","None","","Minnesota Department of Human Services","01/01/2015","01/01/2026","12/31/2026","   ","",
"103412","Family Child Care","Denison Debra","4715 31st Ave S"," ","","Minneapolis","MN","55406     ","Hennepin","(612) 721-3296","Active","Debra Denison","10 ","Residential Dwelling","No transporting of children under age eight.    This license supersedes the previously issued license that was set to expire in 2025.","Family Child Care","Hennepin County Human Services & Public Health Dept","09/01/1990","01/01/2026","12/31/2026","Yes","",
"1095223","Home and Community Based Services","Diamond Community Health Services LLC","2327 E FRANKLIN AVE STE 1G","","","Minneapolis","MN","55406-4420","Hennepin","(612) 232-7815","Active","Diamond Community Health Services LLC","   ","Basic Support Services: 24-hour emergency assistance; Adult companion services; Homemaker; Night supervision; Respite care, in home or out-of-home; Individual community living support; Individualized home supports  Intervention Support Services: Specialist services; Crisis respite, in-home or out-of-home  In-Home Support Services: Individualized home supports; Individualized home supports with training; Individualized home supports with family training  Employment Services: Employment development services; Employment exploration services; Employment support services    ","None","","Minnesota Department of Human Services","07/31/2018","01/01/2026","12/31/2026","   ","",
"1070870","Home and Community Based Services - Community Residential Setting","Dungarvin Hiawatha 00","2500 33rd St E","","","Minneapolis","MN","55406-0000","Hennepin","(612) 722-5388","Active","Dungarvin Minnesota LLC","4  ","This community residential setting license is a satellite operating under 245D-HCBS Program License Number 1070806; and providing Community Residential Setting: Foster Care services or supported living services  Other: Remote overnight supervision","None","","Hennepin County Human Services & Public Health Dept","07/01/2014","01/01/2025","12/31/2026","No ","",
"1070869","Home and Community Based Services - Community Residential Setting","Dungarvin Hiawatha 07","3207 24th Ave S","","","Minneapolis","MN","55406-0000","Hennepin","(612) 721-0937","Active","Dungarvin Minnesota LLC","4  ","This community residential setting license is a satellite operating under 245D-HCBS Program License Number 1070806; and providing Community Residential Setting: Foster Care services or supported living services  Other: Remote overnight supervision","None","","Hennepin County Human Services & Public Health Dept","07/01/2014","01/01/2025","12/31/2026","No ","",
"1070857","Home and Community Based Services - Community Residential Setting","Dungarvin Hiawatha 14","3214 Hiawatha Ave S","","","Minneapolis","MN","55406-0000","Hennepin","(612) 728-0064","Active","Dungarvin Minnesota LLC","4  ","This community residential setting license is a satellite operating under 245D-HCBS Program License Number 1070806; and providing Community Residential Setting: Foster Care services or supported living services  Other: Remote overnight supervision","None","","Hennepin County Human Services & Public Health Dept","07/01/2014","01/01/2025","12/31/2026","No ","",
"1070858","Home and Community Based Services - Community Residential Setting","Dungarvin Hiawatha 20","3220 Hiawatha Ave S","","","Minneapolis","MN","55406-0000","Hennepin","(612) 728-0070","Active","Dungarvin Minnesota LLC","4  ","This community residential setting license is a satellite operating under 245D-HCBS Program License Number 1070806; and providing Community Residential Setting: Foster Care services or supported living services  Other: Remote overnight supervision","None","","Hennepin County Human Services & Public Health Dept","07/01/2014","04/01/2025","03/31/2027","No ","",
"1070859","Home and Community Based Services - Community Residential Setting","Dungarvin Hiawatha 24","3224 Hiawatha Ave S","","","Minneapolis","MN","55406-0000","Hennepin","(612) 728-0076","Active","Dungarvin Minnesota LLC","4  ","This community residential setting license is a satellite operating under 245D-HCBS Program License Number 1070806; and providing Community Residential Setting: Foster Care services or supported living services  ","None","","Hennepin County Human Services & Public Health Dept","07/01/2014","12/01/2025","11/30/2027","No ","",
"1070856","Home and Community Based Services - Community Residential Setting","Dungarvin Hiawatha 30","3230 Hiawatha Ave S","","","Minneapolis","MN","55406-0000","Hennepin","(612) 728-0049","Active","Dungarvin Minnesota LLC","4  ","This community residential setting license is a satellite operating under 245D-HCBS Program License Number 1070806; and providing Community Residential Setting: Foster Care services or supported living services  Other: Remote overnight supervision","None","","Hennepin County Human Services & Public Health Dept","07/01/2014","02/01/2025","01/31/2027","No ","",
"1075853","Home and Community Based Services - Community Residential Setting","Dungarvin Hiawatha II","3211 24th Ave S","","","Minneapolis","MN","55406-2401","Hennepin","(612) 728-5895","Active","Dungarvin Minnesota LLC","4  ","This community residential setting license is a satellite operating under 245D-HCBS Program License Number 1070806; and providing Community Residential Setting: Foster Care services or supported living services  ","None","","Hennepin County Human Services & Public Health Dept","07/01/2014","12/01/2025","11/30/2027","No ","",
"1120708","Home and Community Based Services - Community Residential Setting","Dungarvin Minnesota LLC","2530 E 34TH ST APT 105","","","Minneapolis","MN","55406-4519","Hennepin","(612) 827-5409","Active","Dungarvin Minnesota LLC","2  ","This community residential setting license is a satellite operating under 245D-HCBS Program License Number 1070806; and providing Community Residential Setting: Foster Care services or supported living services  ","None","","Hennepin County Human Services & Public Health Dept","09/01/2023","01/01/2025","12/31/2026","No ","",
"1096817","Home and Community Based Services","Easycare Home Health LLC","3500 E LAKE ST STE 101","","","Minneapolis","MN","55406-2151","Hennepin","(612) 999-1922","Active","Easycare Home Health LLC","   ","Basic Support Services: 24-hour emergency assistance; Adult companion services; Homemaker; Night supervision; Respite care, in home or out-of-home; Individual community living support; Individualized home supports  Intervention Support Services: Specialist services; Crisis respite, in-home or out-of-home  In-Home Support Services: Individualized home supports; Individualized home supports with training; Individualized home supports with family training  Employment Services: Employment development services; Employment exploration services; Employment support services    ","None","","Minnesota Department of Human Services","10/24/2018","01/01/2026","12/31/2026","   ","",
"1088869","Home and Community Based Services","Eleged Home Care Inc","2847 27TH AVE S","","","Minneapolis","MN","55406-1505","Hennepin","(612) 315-4497","Active","ELEGED HOME CARE INC","   ","Basic Support Services: 24-hour emergency assistance; Adult companion services; Homemaker; Night supervision; Respite care, in home or out-of-home; Individual community living support; Individualized home supports  In-Home Support Services: Semi-independent living skills ; Individualized home supports; Individualized home supports with training; Individualized home supports with family training  Employment Services: Employment development services; Employment exploration services; Employment support services    ","None","","Minnesota Department of Human Services","09/15/2017","01/01/2026","12/31/2026","   ","elegedhomecare@gmail.com",
"1104507","Home and Community Based Services","Golden Heart Care Limited","4020 MINNEHAHA AVE STE 2020","","","Minneapolis","MN","55406-4614","Hennepin","(612) 990-0076","Active","Golden Heart Care Limited","   ","Basic Support Services: 24-hour emergency assistance; Adult companion services; Homemaker; Night supervision; Respite care, in home or out-of-home; Individual community living support; Individualized home supports  In-Home Support Services: Individualized home supports; Individualized home supports with training; Individualized home supports with family training  Employment Services: Employment development services; Employment exploration services; Employment support services    ","None","","Minnesota Department of Human Services","04/28/2020","01/01/2026","12/31/2026","   ","",
"1099001","Home and Community Based Services","GoldenStar Home Health Care","2740 MINNEHAHA AVE APT 518","","","Minneapolis","MN","55406-2989","Hennepin","(612) 242-0853","Active","Golden star Home Health Care","   ","Basic Support Services: 24-hour emergency assistance; Adult companion services; Homemaker; Night supervision; Respite care, in home or out-of-home; Individual community living support; Individualized home supports  Intervention Support Services: Crisis respite, in-home or out-of-home  In-Home Support Services: Individualized home supports; Individualized home supports with training; Individualized home supports with family training    ","None","","Minnesota Department of Human Services","05/17/2019","01/01/2026","12/31/2026","   ","",
"1102783","Home and Community Based Services","Guerdian Home Health Care Service Inc","4020 MINNEHAHA AVE STE 1085","","","Minneapolis","MN","55406-4600","Hennepin","(612) 353-5059","Active","Guerdian Home Health Care Service Inc.","   ","Basic Support Services: 24-hour emergency assistance; Adult companion services; Homemaker; Night supervision; Respite care, in home or out-of-home; Individual community living support; Individualized home supports  In-Home Support Services: Semi-independent living skills ; Individualized home supports; Individualized home supports with training; Individualized home supports with family training  Integrated Community Supports : Integrated Community Supports    ","None","","Minnesota Department of Human Services","03/31/2020","01/01/2026","12/31/2026","   ","TAMABDI@GMAIL.COM",
"1092924","Adult Day Care Services","Harmony Adult Daycare LLC","2450 26TH AVE S","","","Minneapolis","MN","55406-1245","Hennepin","(612) 722-2384","Active","Harmony Adult Daycare LLC","60 ","Age: 55 and older, Remote Services","None","Adult Day Care Services","Minnesota Department of Human Services","08/20/2018","01/01/2026","12/31/2026","   ","",
"1056524","Child Foster Residence Setting","Healing Spirit Program","3625 28TH AVE S","","","Minneapolis","MN","55406-2515","Hennepin","(612) 279-6353","Active","Division of Indian Work","4  ","","None","","Hennepin County Human Services & Public Health Dept","12/29/2009","08/01/2025","07/31/2027","   ","",
"1106746","Home and Community Based Services","Hero Homecare LLC","4020 MINNEHAHA AVE STE 2025","","","Minneapolis","MN","55406-4614","Hennepin","(612) 323-2151","Active","Hero Homecare LLC","   ","Basic Support Services: 24-hour emergency assistance; Adult companion services; Homemaker; Night supervision; Respite care, in home or out-of-home; Individual community living support; Individualized home supports  Intervention Support Services: Specialist services; Crisis respite, in-home or out-of-home  In-Home Support Services: Individualized home supports with training; Individualized home supports with family training  Employment Services: Employment development services; Employment exploration services; Employment support services  Integrated Community Supports : Integrated Community Supports    ","None","","Minnesota Department of Human Services","11/09/2020","01/01/2026","12/31/2026","   ","info@herohomecare.org",
"1073541","Home and Community Based Services","HomeMaking","2740 MINNEHAHA AVE STE 146","","","Minneapolis","MN","55406-3482","Hennepin","(612) 724-4254","Active","Diamonds Home Health Care Inc","   ","Basic Support Services: Adult companion services; Homemaker; Night supervision; Respite care, in home or out-of-home; Individual community living support; Individualized home supports  In-Home Support Services: Individualized home supports; Individualized home supports with training; Individualized home supports with family training    ","None","","Minnesota Department of Human Services","02/04/2014","01/01/2026","12/31/2026","   ","",
"1097991","Adult Day Care Services","Hooyo Adult Daycare LLC","3923 HIAWATHA AVE","","","Minneapolis","MN","55406-0000","Hennepin","(612) 724-3982","Active","Hooyo Adult Daycare LLC","20 ","Age: 18 and older","None","Adult Day Care Services","Minnesota Department of Human Services","05/01/2019","01/01/2026","12/31/2026","   ","",
"1112410","Home and Community Based Services","Hope For Success LLC","2600 E 26TH ST STE 1","","","Minneapolis","MN","55406-1201","Hennepin","(623) 703-5156","Active","HOPE FOR SUCCESS LLC","   ","Basic Support Services: 24-hour emergency assistance; Adult companion services; Homemaker; Night supervision; Respite care, in home or out-of-home; Individual community living support; Individualized home supports  In-Home Support Services: Semi-independent living skills ; Individualized home supports; Individualized home supports with training; Individualized home supports with family training  Employment Services: Employment development services; Employment exploration services; Employment support services    ","None","","Minnesota Department of Human Services","01/20/2023","01/01/2026","12/31/2026","   ","",
"1101527","Child Care Center","Ikram Childcare Center","3504 Snelling Ave","","","Minneapolis","MN","55406-2632","Hennepin","(612) 345-7527","Pending Reopening as of 10/22/2025","Ikram Childcare Center LLC","62 ","Ages Served: Infants Toddlers Preschool School-Age","None","Services: Day Program","Minnesota Department of Human Services","04/24/2020","01/01/2025","12/31/2025","   ","",
"1041509","Child Care Center","Jardin Longfellow","3836 Minnehaha Ave","","","Minneapolis","MN","55406     ","Hennepin","(612) 360-3196","Active","Mundo De Colores, Inc.","129","Ages Served: Infants Toddlers Preschool","None","Services: Day Program","Minnesota Department of Human Services","10/02/2006","01/01/2026","12/31/2026","   ","",
"1097065","Child Care Center","Jardin Seward","3207 E Lake St","","","Minneapolis","MN","55406-2029","Hennepin","(612) 751-3048","Active","Mundo De Colores, Inc.","140","Ages Served: Infants Toddlers Preschool School-Age","None","Services: Day Program","Minnesota Department of Human Services","09/09/2019","01/01/2026","12/31/2026","   ","",
"1062424","Family Child Care","Jayaswal Bagwantee","3541 43RD AVE S","","","Minneapolis","MN","55406-2820","Hennepin","(612) 450-3180","Active","Bagwantee  Jayaswal","10 ","Residential Dwelling","No transporting of children under age eight.    ","Family Child Care","Hennepin County Human Services & Public Health Dept","01/05/2012","01/01/2026","12/31/2026","Yes","sheilajayaswal727@gmail.com",
"1067193","Home and Community Based Services","Kaal Home Healthcare, Inc","2700 E 28TH ST STE 170","","","Minneapolis","MN","55406-1574","Hennepin","(612) 872-1950","Active","Kaal Home Healthcare Inc","   ","Basic Support Services: Adult companion services; Homemaker; Night supervision; Respite care, in home or out-of-home; Individual community living support; Individualized home supports  In-Home Support Services: Individualized home supports with training; Individualized home supports with family training    ","None","","Minnesota Department of Human Services","01/01/2014","01/01/2026","12/31/2026","   ","Sahmed@kaalhomehealthcare.com",
"219509","Family Child Care","Kish Cynthia L","2910 Minnehaha Pkwy E","","","Minneapolis","MN","55406-3745","Hennepin","(612) 722-6856","Active","Cynthia L Kish","10 ","Residential Dwelling","This license supersedes the previously issued license that was set to expire in 2025.","Family Child Care","Hennepin County Human Services & Public Health Dept","02/09/1996","01/01/2026","12/31/2026","Yes","",
"1080971","Child Care Center","Lake Area Discovery Center @ St Helenas Catholic School","3200 E 44th St","","","Minneapolis","MN","55406-3860","Hennepin","(612) 729-9301","Active","Lake Area Discovery Center","40 ","Ages Served: Preschool","None","Services: Day Program","Minnesota Department of Human Services","09/19/2016","01/01/2026","12/31/2026","   ","",
"109282","Family Child Care","Lanier Esther E","3139 28TH AVE S","","","Minneapolis","MN","55406-1917","Hennepin","(612) 715-4347","Active","Esther E Lanier","6  ","Residential Dwelling","No transporting of children under age eight.    ","Family Child Care","Hennepin County Human Services & Public Health Dept","01/01/1991","01/01/2026","12/31/2026","No ","",
"109290","Family Child Care","LaPlant Anna L","3039 32nd Ave S","","","Minneapolis","MN","55406     ","Hennepin","(612) 729-8057","Active","Anna L LaPlant","14 ","Residential Dwelling","No transporting of children under age eight.    ","Family Child Care","Hennepin County Human Services & Public Health Dept","02/01/1991","01/01/2026","12/31/2026","Yes","",
"1105672","Home and Community Based Services","Lifesong home Care LLC","3456 MINNEHAHA AVE","MINNEAPOLIS, MN","","Minneapolis","MN","55406-2625","Hennepin","(612) 703-0905","Active","Lifesong Home Care LLC","   ","Basic Support Services: 24-hour emergency assistance; Adult companion services; Homemaker; Night supervision; Respite care, in home or out-of-home; Individual community living support; Individualized home supports  In-Home Support Services: Semi-independent living skills ; Individualized home supports; Individualized home supports with training; Individualized home supports with family training  Employment Services: Employment development services; Employment exploration services; Employment support services    ","None","","Minnesota Department of Human Services","10/16/2020","01/01/2026","12/31/2026","   ","",
"2000265","Child Care Center","Little Sparks Montessori","3244 34th Ave S","","","Minneapolis","MN","55406     ","Hennepin","(612) 388-0725","Active","Little Sparks LLC","20 ","Ages Served: Preschool","None","Services: School-age Child Care Program","Minnesota Department of Human Services","08/26/2024","01/01/2026","12/31/2026","   ","",
"1108860","Adult Day Care Services","Long Live Adult Day Center LLC","4000 28TH AVE S","","","Minneapolis","MN","55406-3119","Hennepin","(612) 702-4698","Active","Long Live Adult Day Center LLC","44 ","Age: 65 and older","None","Adult Day Care Services","Minnesota Department of Human Services","10/21/2021","01/01/2026","12/31/2026","   ","",
"1113002","Home and Community Based Services","LUXE HEALTHCARE LLC","3413 26TH AVE S","","","Minneapolis","MN","55406-2505","Hennepin","(612) 490-3688","Active","LUXE HEALTHCARE LLC","   ","Basic Support Services: 24-hour emergency assistance; Adult companion services; Homemaker; Night supervision; Respite care, in home or out-of-home; Individual community living support; Individualized home supports  In-Home Support Services: Individualized home supports; Individualized home supports with training; Individualized home supports with family training  Employment Services: Employment development services; Employment exploration services; Employment support services  Integrated Community Supports : Integrated Community Supports    ","None","","Minnesota Department of Human Services","03/20/2023","01/01/2026","12/31/2026","   ","",
"1107067","Home and Community Based Services","Metro Home Health Care Services Inc","2634 MINNEHAHA AVE","","","Minneapolis","MN","55406-1500","Hennepin","(612) 871-6773","Active","Metro Home Health Care Services INC","   ","Basic Support Services: Adult companion services; Homemaker; Night supervision; Respite care, in home or out-of-home; Individual community living support; Individualized home supports  In-Home Support Services: Individualized home supports; Individualized home supports with training; Individualized home supports with family training    ","None","","Minnesota Department of Human Services","03/03/2021","01/01/2026","12/31/2026","   ","info@metropcaservices.com",
"1112794","Home and Community Based Services","METRO SERVICE CENTER INC","2625 E FRANKLIN AVE STE LL3","","","Minneapolis","MN","55406-1195","Hennepin","(612) 354-7068","Active","METRO SERVICE CENTER INC","   ","Basic Support Services: 24-hour emergency assistance; Adult companion services; Homemaker; Night supervision; Respite care, in home or out-of-home; Individual community living support; Individualized home supports  In-Home Support Services: Semi-independent living skills ; Individualized home supports; Individualized home supports with training; Individualized home supports with family training    ","None","","Minnesota Department of Human Services","02/10/2023","01/01/2026","12/31/2026","   ","",
"1073207","Home and Community Based Services","Metro Work Center, Inc.","2730 E 31ST ST","","","Minneapolis","MN","55406-1923","Hennepin","(612) 729-7381","Active","Metro Work Center, Inc.","   ","Day Services: Prevocational; Day support services  Employment Services: Employment development services; Employment exploration services; Employment support services    ","None","Satellite License Number: 1073208 (Home and Community Based Services - Day Services Facility), Metro Work Center, Inc. Site I; ","Minnesota Department of Human Services","01/01/2014","01/01/2026","12/31/2026","   ","jwashington@metroworkcenter.org",
"1073208","Home and Community Based Services - Day Services Facility","Metro Work Center, Inc. Site I","2730 E 31st St"," "," ","Minneapolis","MN","55406-0000","Hennepin","(612) 729-7381","Active","Metro Work Center, Inc.","57 ","This day services facility license is a satellite operating under 245D-HCBS Program License Number 1073207; and providing Day Services: Pre-vocational; Employment exploration services; Employment support services; Day support services  ","None","","Minnesota Department of Human Services","01/01/2014","01/01/2026","12/31/2026","   ","",
"1111696","Child Care Center","Mini Childcare Center Inc.","2538 25th Ave S","","","Minneapolis","MN","55406     ","Hennepin","(612) 345-4913","Active","Mini Childcare Center Inc.","80 ","Ages Served: Infants Toddlers Preschool School-Age","None","Services: Day Program","Minnesota Department of Human Services","05/16/2022","01/01/2026","12/31/2026","   ","",
"1089422","Certified Child Care Center","Minneapolis Kids - Dowling","3900 W River Pkwy","","","Minneapolis","MN","55406-3612","Hennepin","(612) 668-3890","Active","Minneapolis Public School District 0001-03","0  ","Ages Served: Preschool;School Age","None","Services: Day Program","Minnesota Department of Human Services","09/24/2018","09/01/2025","12/31/2025","   ","",
"1089588","Certified Child Care Center","Minneapolis Kids @Northrop","4315 31st Ave S","","","Minneapolis","MN","55406-3801","Hennepin","(612) 668-3890","Active","Minneapolis Public School District 0001-03","0  ","Ages Served: Preschool;School Age","None","Services: Day Program","Minnesota Department of Human Services","09/24/2018","01/01/2025","12/31/2025","   ","",
"809520","Child Care Center","Minnehaha Academy Preschool","4200 W River Pkwy Rm 107","","","Minneapolis","MN","55406-3661","Hennepin","(612) 721-3359","Active","Minnehaha Academy","48 ","Ages Served: Preschool","Per state fire marshal, Room 131 restricted to 9 persons unless a second exit is provided.","Services: Day Program","Minnesota Department of Human Services","08/31/1995","01/01/2026","12/31/2026","   ","",
"1082876","Adult Day Care Services","Minnehaha Adult Day Services LLC","3950 Minnehaha Ave","","","Minneapolis","MN","55406     ","Hennepin","(612) 584-3693","Active","Minnehaha Adult Day Services LLC","34 ","Age: 18 and older","None","Adult Day Care Services","Minnesota Department of Human Services","01/23/2017","01/01/2026","12/31/2026","   ","minnehahaadult@gmail.com",
"1095933","Home and Community Based Services","Minnesota Home Quality Care LLC","2532 25TH AVE S","","","Minneapolis","MN","55406-1235","Hennepin","(612) 310-0452","Active","Hawa M Matan","   ","Basic Support Services: 24-hour emergency assistance; Adult companion services; Homemaker; Night supervision; Respite care, in home or out-of-home; Individual community living support; Individualized home supports  In-Home Support Services: Individualized home supports; Individualized home supports with training; Individualized home supports with family training    ","None","","Minnesota Department of Human Services","09/12/2018","01/01/2026","12/31/2026","   ","",
"1120682","Child Care Center","Morning Glory Montessori","3620 E 26th St","","","Minneapolis","MN","55406     ","Hennepin","(612) 724-1525","Active","Morning Glory Montessori","30 ","Ages Served: Preschool","None","Services: Day Program","Minnesota Department of Human Services","09/10/2024","01/01/2026","12/31/2026","   ","",
"1068811","Home and Community Based Services - Community Residential Setting","Olus Home Inc East River","3320 46TH AVE S","","","Minneapolis","MN","55406-2343","Hennepin","(612) 729-5595","Active","Olu's Home Inc","4  ","This community residential setting license is a satellite operating under 245D-HCBS Program License Number 1068807; and providing Community Residential Setting: Respite care services, out-of-home; Crisis respite, out-of-home; Foster Care services or supported living services  ","None","","Hennepin County Human Services & Public Health Dept","07/01/2014","04/01/2024","03/31/2026","No ","",
"1056213","Child Care Center","Open Arms Early Education & Child Care Center","3355 Hiawatha Ave","","","Minneapolis","MN","55406-2441","Hennepin","(612) 729-0000","Active","Open Arms Early Education & Child Care Center, Incorporated","138","Ages Served: Infants Toddlers Preschool School-Age","None","Services: Day Program","Minnesota Department of Human Services","04/19/2010","01/01/2026","12/31/2026","   ","",
"1117027","Child Care Center","Open Arms Early Learning Center LLC","4123 E Lake St Ste A","","","Minneapolis","MN","55406-2255","Hennepin","(651) 417-3754","Active","Open Arms Early Learning Center LLC","84 ","Ages Served: Infants Toddlers Preschool School-Age","None","Services: Day Program","Minnesota Department of Human Services","04/20/2023","01/01/2026","12/31/2026","   ","",
"1113537","Home and Community Based Services","Optimal Care Services","3809 42ND AVE S","","","Minneapolis","MN","55406-3503","Hennepin","(763) 546-5591","Active","Optimal Care Services Inc","   ","Basic Support Services: 24-hour emergency assistance; Adult companion services; Homemaker; Night supervision; Respite care, in home or out-of-home; Individual community living support; Individualized home supports  In-Home Support Services: Individualized home supports with training; Individualized home supports with family training  Employment Services: Employment development services; Employment exploration services; Employment support services    ","None","","Minnesota Department of Human Services","06/05/2023","01/01/2026","12/31/2026","   ","",
"1121439","Substance Use Disorder Treatment","Optimum Recovery Services","2940 36TH AVE S","","","Minneapolis","MN","55406-1716","Hennepin","(612) 423-0012","Active","Optimum Recovery Services","   "," Non-Residential Treatment - ages 18 through 80; Gender: Either; Satellite Location(s):","None","Specializing in: the Treatment of Persons with a Substance Use and Mental Health Disorder; Approved Rate Enhancements: ","Minnesota Department of Human Services","09/20/2024","01/01/2026","12/31/2026","   ","",
"1081123","Home and Community Based Services","Partners in Care LLC","2727 E 26TH ST # 1","","","Minneapolis","MN","55406-1313","Hennepin","(612) 876-8052","Active","Partners in Care LLC","   ","Basic Support Services: 24-hour emergency assistance; Adult companion services; Homemaker; Night supervision; Respite care, in home or out-of-home; Individual community living support; Individualized home supports  In-Home Support Services: Individualized home supports with training; Individualized home supports with family training  Employment Services: Employment development services; Employment exploration services; Employment support services    ","None","","Minnesota Department of Human Services","04/29/2016","01/01/2026","12/31/2026","   ","",
"1057912","Family Child Care","Perrone Renee A dba Green Earth Children's Academy LLC","4115 26TH AVE S","","","Minneapolis","MN","55406-3039","Hennepin","(612) 272-5466","Active","Renee A Perrone","14 ","Residential Dwelling","No infants in care   No transporting of children under age eight.    This program operates under the registered LLC name Green Earth Children's Academy LLC","Family Child Care","Hennepin County Human Services & Public Health Dept","06/21/2010","06/01/2024","05/31/2026","Yes","",
"1109317","Home and Community Based Services - Community Residential Setting","Pinnacle 41st Ave","3740 41ST AVE S","","","Minneapolis","MN","55406-2809","Hennepin","(612) 977-3100","Active","Pinnacle Services Inc","4  ","This community residential setting license is a satellite operating under 245D-HCBS Program License Number 1069733; and providing Community Residential Setting: Foster Care services or supported living services  ","None","","Hennepin County Human Services & Public Health Dept","04/15/2021","04/01/2024","03/31/2026","No ","",
"1105421","Home and Community Based Services","Premier Services LLC","2740 MINNEHAHA AVE STE 130 PMB 227","","","Minneapolis","MN","55406-3777","Hennepin","(612) 208-7728","Active","Premier Service LLC","   ","Basic Support Services: 24-hour emergency assistance; Adult companion services; Homemaker; Night supervision; Respite care, in home or out-of-home; Individual community living support; Individualized home supports  In-Home Support Services: Individualized home supports; Individualized home supports with training; Individualized home supports with family training  Employment Services: Employment development services; Employment exploration services; Employment support services  Integrated Community Supports : Integrated Community Supports    ","None","","Minnesota Department of Human Services","10/02/2020","01/01/2026","12/31/2026","   ","",
"1119768","Substance Use Disorder Treatment","Premier Treatment Center LLC","2600 E 25TH ST","","","Minneapolis","MN","55406-1227","Hennepin","(612) 564-9057","Active","Premier Treatment Center LLC","   "," Non-Residential Treatment - ages 15 through 65; Gender: Either; Satellite Location(s):","None","Specializing in: the Treatment of Adolescents; the Treatment of Persons with a Substance Use and Mental Health Disorder; Approved Rate Enhancements: Culturally Specific/Culturally Responsive; ","Minnesota Department of Human Services","01/07/2025","01/01/2026","12/31/2026","   ","",
"1082787","Home and Community Based Services","Primo Home Health Care Inc","3712 E LAKE ST APT A","","","Minneapolis","MN","55406-2173","Hennepin","(612) 824-4904","Active","Primo Home Health Care Inc.","   ","Basic Support Services: 24-hour emergency assistance; Adult companion services; Homemaker; Night supervision; Respite care, in home or out-of-home; Individual community living support; Individualized home supports  Intervention Support Services: Positive supports; Specialist services; Crisis respite, in-home or out-of-home  In-Home Support Services: Semi-independent living skills ; Individualized home supports with training; Individualized home supports with family training  Employment Services: Employment development services; Employment exploration services; Employment support services    ","None","","Minnesota Department of Human Services","08/23/2016","01/01/2026","12/31/2026","   ","",
"1104717","Home and Community Based Services","QORAXEY HOME HEALTH CARE INC","3617 E LAKE ST # STEB","","","Minneapolis","MN","55406-2148","Hennepin","(612) 216-2116","Active","QORAXEY HOME HEALTH CARE INC","   ","Basic Support Services: 24-hour emergency assistance; Adult companion services; Homemaker; Night supervision; Respite care, in home or out-of-home; Individual community living support; Individualized home supports  In-Home Support Services: Individualized home supports with training; Individualized home supports with family training    ","None","","Minnesota Department of Human Services","05/06/2020","01/01/2026","12/31/2026","   ","",
"1085644","Home and Community Based Services","Rahma Home Health, Inc.","3355 HIAWATHA AVE STE 215","","","Minneapolis","MN","55406-2444","Hennepin","(612) 872-8659","Active","Rahma Home Health, Inc.","   ","Basic Support Services: 24-hour emergency assistance; Adult companion services; Homemaker; Night supervision; Respite care, in home or out-of-home; Individualized home supports  Intervention Support Services: Positive supports; Specialist services; Crisis respite, in-home or out-of-home  In-Home Support Services: Semi-independent living skills ; Individualized home supports with training; Individualized home supports with family training  Employment Services: Employment development services; Employment exploration services; Employment support services    ","None","","Minnesota Department of Human Services","03/24/2017","01/01/2026","12/31/2026","   ","",
"1114831","Home and Community Based Services","RAY HOME HEALTH LLC","4041 HIAWATHA AVE UNIT 101","","","Minneapolis","MN","55406-3462","Hennepin","(612) 998-1285","Active","Ray Home Health LLC","   ","Basic Support Services: 24-hour emergency assistance; Adult companion services; Homemaker; Night supervision; Respite care, in home or out-of-home; Individual community living support; Individualized home supports  In-Home Support Services: Semi-independent living skills ; Individualized home supports; Individualized home supports with training; Individualized home supports with family training    ","None","","Minnesota Department of Human Services","08/14/2025","08/14/2025","12/31/2025","   ","",
"1089380","Certified Child Care Center","Rec Plus- Hiawatha School Park","4305 E 42nd St","","","Minneapolis","MN","55406-3527","Hennepin","(612) 370-4952","Active","City of Minneapolis Park Board","0  ","Ages Served: School Age","None","Services: Day Program","Minnesota Department of Human Services","09/18/2018","01/01/2025","12/31/2025","   ","",
"1089553","Certified Child Care Center","Rec Plus- Matthews","2318 29th Ave S","","","Minneapolis","MN","55406-1335","Hennepin","(612) 370-4950","Active","City of Minneapolis Park Board","0  ","Ages Served: School Age","None","Services: Day Program","Minnesota Department of Human Services","09/17/2018","01/01/2025","12/31/2025","   ","",
"1094659","Home and Community Based Services","Reliable Home Health Care Inc","3355 HIAWATHA AVE STE 220","","","Minneapolis","MN","55406-2444","Hennepin","(952) 217-6756","Active","Reliable Home Health Care Inc","   ","Basic Support Services: 24-hour emergency assistance; Adult companion services; Homemaker; Night supervision; Respite care, in home or out-of-home; Individual community living support; Individualized home supports  In-Home Support Services: Individualized home supports with training; Individualized home supports with family training    ","None","","Minnesota Department of Human Services","07/18/2018","01/01/2026","12/31/2026","   ","",
"2000181","Child Care Center","Riverlake Chilcare LLC","3408 E Lake St","","","Minneapolis","MN","55406     ","Hennepin","(507) 271-5203","Active","Riverlake Childcare LLC","117","Ages Served: Infants Toddlers Preschool School-Age","None","Services: Day Program, School-age Child Care Program","Minnesota Department of Human Services","09/03/2024","01/01/2026","12/31/2026","   ","",
"1073986","Home and Community Based Services","ROCHESTER HOME CARE LLC","2411 E FRANKLIN AVE","MPLS MN","","Minneapolis","MN","55406-1026","Hennepin","(612) 339-1543","Active","ROCHESTER HOME CARE LLC","   ","Basic Support Services: Adult companion services; Homemaker; Night supervision; Respite care, in home or out-of-home; Individualized home supports  In-Home Support Services: Individualized home supports with training; Individualized home supports with family training    ","None","","Minnesota Department of Human Services","01/01/2014","01/01/2026","12/31/2026","   ","",
"1013501","Adult Foster Care","Rompa David J","4123 39th Ave South","","","Minneapolis","MN","55406     ","Hennepin","(612) 201-2423","Active","David J Rompa","1  ","Age: 18 years of age and older, Gender: Either","None","Adult Foster Care","Hennepin County Human Services & Public Health Dept","08/20/2001","01/01/2024","12/31/2025","Yes","",
"1105892","Home and Community Based Services","Serenity Care Services LLC","2625 E FRANKLIN AVE # LL7B","","","Minneapolis","MN","55406-1185","Hennepin","(952) 994-1781","Active","Serenity Care Services LLC","   ","Basic Support Services: Adult companion services; Homemaker; Night supervision; Respite care, in home or out-of-home; Individual community living support; Individualized home supports  In-Home Support Services: Individualized home supports with training; Individualized home supports with family training    ","None","","Minnesota Department of Human Services","08/31/2020","01/01/2026","12/31/2026","   ","",
"802211","Child Care Center","Seward Child Care Center","2323 32nd Ave S","","","Minneapolis","MN","55406-1459","Hennepin","(612) 724-3030","Active","Seward Child Care Center, Inc.","30 ","Ages Served: Toddlers Preschool","None","Services: Day Program","Minnesota Department of Human Services","06/13/1973","01/01/2026","12/31/2026","   ","",
"1074096","Home and Community Based Services","Southside Services Inc","3702 E LAKE ST STE 150","","","Minneapolis","MN","55406-2161","Hennepin","(612) 721-1696","Active","Southside Services I. Inc.","   ","Basic Support Services: Individualized home supports  In-Home Support Services: Semi-independent living skills ; Individualized home supports with training; Individualized home supports with family training    ","None","","Minnesota Department of Human Services","04/04/2014","01/01/2026","12/31/2026","   ","",
"1110425","Child Care Center","Sunshine Care Center MN Inc.","3418 E 25th St","","","Minneapolis","MN","55406-1415","Hennepin","(612) 545-5259","Active","Sunshine Care Center MN Inc.","69 ","Ages Served: Infants Toddlers Preschool School-Age","None","Services: Day Program","Minnesota Department of Human Services","03/21/2022","01/01/2026","12/31/2026","   ","",
"1116906","Adult Day Care Services","Sunshine Day Program LLC","4123 E LAKE ST STE B","","","Minneapolis","MN","55406-2255","Hennepin","(612) 590-5119","Active","Sunshine Day Program LLC","89 ","Age: 65 and older","None","Adult Day Care Services","Minnesota Department of Human Services","05/11/2023","01/01/2026","12/31/2026","   ","",
"1104314","Child Care Center","Sweet Angel Child Care Inc","2740 Minnehaha Ave Ste 156","","","Minneapolis","MN","55406     ","Hennepin","(612) 721-1133","Active","Sweet Angel Child Care Inc.","74 ","Ages Served: Infants Toddlers Preschool School-Age","None","Services: Day Program","Minnesota Department of Human Services","06/18/2021","01/01/2026","12/31/2026","   ","",
"801711","Child Care Center","Teen Parent Services Longfellow","3017 E 31st St","","","Minneapolis","MN","55406-2041","Hennepin","(612) 668-4757","Active","Minneapolis Public School District 0001-03","58 ","Ages Served: Infants Toddlers Preschool","Maximum number of Toddlers in the Preschool Room 117 classroom is 14.; Maximum number of Infants in the Toddlers Room 113 classroom is 12.","Services: Day Program","Minnesota Department of Human Services","09/07/1990","01/01/2026","12/31/2026","   ","",
"2001719","Child Care Center","TestProd Licensed Program","654 Testprod Lane","Ste 650","","Minneapolis","MN","55406     ","Hennepin","","Active","ProdTest Licensed Center","21 ","Ages Served: Toddlers","None","Services: Day Program","Minnesota Department of Human Services","03/20/2025","03/20/2025","12/31/2025","   ","",
"2000079","Child Care Center","The Think Tank Montessori School","2515 E 26th St","","","Minneapolis","MN","55406     ","Hennepin","(612) 702-7316","Active","The Think Tank Montessori School","159","Ages Served: Infant;Toddler;Preschool;School Age","None","Services: Day Program","Minnesota Department of Human Services","03/03/2025","01/01/2026","12/31/2026","   ","",
"1101032","Child Care Center","Tierra Encantada - Hiawatha LLC","4012 Minnehaha Ave","","","Minneapolis","MN","55406     ","Hennepin","(612) 722-0509","Active","Tierra Encantada - Hiawatha LLC","283","Ages Served: Infants Toddlers Preschool","None","Services: Day Program","Minnesota Department of Human Services","06/29/2020","01/01/2026","12/31/2026","   ","",
"1099497","Child Care Center","Tierra Encantada - Seward LLC","2504 35th Ave S","","","Minneapolis","MN","55406     ","Hennepin","(612) 729-5188","Active","Tierra Encantada - Seward LLC","158","Ages Served: Infants Toddlers Preschool","None","Services: Day Program","Minnesota Department of Human Services","08/19/2019","01/01/2026","12/31/2026","   ","",
"802205","Intensive Residential Treatment Services and Residential Crisis Stabilization","Touchstone Two Rivers Residential","3805 E 40TH ST","","","Minneapolis","MN","55406-0000","Hennepin","(612) 722-1892","Active","Touchstone Mental Health","16 ","Intensive Residential Treatment Services capacity: 16  persons, age: 18 and older, gender: Either","None","Intensive Residential Treatment Services and Residential Crisis Stabilization","Minnesota Department of Human Services","06/01/1983","01/01/2026","12/31/2026","   ","compliance@touchstonemh.org",
"1111997","Family Child Care","Turner Phyllis M dba Creations Child Care","2428 E 33RD ST","","","Minneapolis","MN","55406-2456","Hennepin","(612) 889-5038","Active","Phyllis M Turner","14 ","Employer-based Care","This program operates under the registered dba name Creations Child Care; This license supersedes the previously issued license that was set to expire in 2025.","Family Child Care","Hennepin County Human Services & Public Health Dept","07/14/2022","01/01/2026","12/31/2026","Yes","",
"1101883","Home and Community Based Services","TWINS HOME HEALTH CARE Inc","2533 24TH AVE S","","","Minneapolis","MN","55406-4127","Hennepin","(612) 465-0408","Active","Twins Home Health Care Inc","   ","Basic Support Services: 24-hour emergency assistance; Adult companion services; Homemaker; Night supervision; Respite care, in home or out-of-home; Individual community living support; Individualized home supports  Intervention Support Services: Crisis respite, in-home or out-of-home  In-Home Support Services: Semi-independent living skills ; Individualized home supports; Individualized home supports with training; Individualized home supports with family training    ","None","","Minnesota Department of Human Services","01/01/2020","01/01/2026","12/31/2026","   ","",
"1074551","Child Care Center","United Child Daycare LLC","4145 Hiawatha Ave","","","Minneapolis","MN","55406-3357","Hennepin","(612) 315-4359","Pending Reopening as of 01/31/2025","United Child Daycare LLC","89 ","Ages Served: Infants Toddlers Preschool School-Age","None","Services: Day Program","Minnesota Department of Human Services","12/15/2014","01/01/2025","12/31/2025","   ","",
"117331","Family Child Care","Warner Sheryl","4342 45th Ave S"," ","","Minneapolis","MN","55406-4063","Hennepin","(612) 729-9572","Active","Sheryl Warner","12 ","Residential Dwelling","No transporting of children under age eight.    This license supersedes the previously issued license that was set to expire in 2025.","Family Child Care","Hennepin County Human Services & Public Health Dept","09/01/1990","01/01/2026","12/31/2026","Yes","",
"1117406","Child Care Center","Wonder Learning Center Inc.","2600 E 26th St","","","Minneapolis","MN","55406     ","Hennepin","(612) 503-4888","Active","Wonder Learning Center Inc.","43 ","Ages Served: Infants Toddlers Preschool School-Age","Maximum number of toddlers in the toddler / preschool combination classroom is six.","Services: Day Program","Minnesota Department of Human Services","08/03/2023","01/01/2026","12/31/2026","   ","",
